path,resolution,series,sys_id,img_id,format,date
2500/heartbleed_63_1125.png,2500,heartbleed,63,1125,png,2021-10-05
800/heartbleed_63_1125.png,800,heartbleed,63,1125,png,2021-10-05
2500/heartbleed_63_1126.png,2500,heartbleed,63,1126,png,2021-10-05
800/heartbleed_63_1126.png,800,heartbleed,63,1126,png,2021-10-05
2500/heartbleed_63_1130.png,2500,heartbleed,63,1130,png,2021-10-05
800/heartbleed_63_1130.png,800,heartbleed,63,1130,png,2021-10-05
2500/heartbleed_63_1134.png,2500,heartbleed,63,1134,png,2021-10-05
800/heartbleed_63_1134.png,800,heartbleed,63,1134,png,2021-10-05
2500/heartbleed_63_1145.png,2500,heartbleed,63,1145,png,2021-10-05
800/heartbleed_63_1145.png,800,heartbleed,63,1145,png,2021-10-05
2500/heartbleed_63_1157.png,2500,heartbleed,63,1157,png,2021-10-05
800/heartbleed_63_1157.png,800,heartbleed,63,1157,png,2021-10-05
2500/heartbleed_63_1164.png,2500,heartbleed,63,1164,png,2021-10-05
800/heartbleed_63_1164.png,800,heartbleed,63,1164,png,2021-10-05
2500/heartbleed_63_1172.png,2500,heartbleed,63,1172,png,2021-10-05
800/heartbleed_63_1172.png,800,heartbleed,63,1172,png,2021-10-05
2500/heartbleed_63_1176.png,2500,heartbleed,63,1176,png,2021-10-05
800/heartbleed_63_1176.png,800,heartbleed,63,1176,png,2021-10-05
2500/heartbleed_63_1178.png,2500,heartbleed,63,1178,png,2021-10-05
800/heartbleed_63_1178.png,800,heartbleed,63,1178,png,2021-10-05
2500/heartbleed_63_1179.png,2500,heartbleed,63,1179,png,2021-10-05
800/heartbleed_63_1179.png,800,heartbleed,63,1179,png,2021-10-05
2500/heartbleed_63_1197.png,2500,heartbleed,63,1197,png,2021-10-05
800/heartbleed_63_1197.png,800,heartbleed,63,1197,png,2021-10-05
2500/heartbleed_63_1199.png,2500,heartbleed,63,1199,png,2021-10-05
800/heartbleed_63_1199.png,800,heartbleed,63,1199,png,2021-10-05
2500/heartbleed_63_1201.png,2500,heartbleed,63,1201,png,2021-10-05
800/heartbleed_63_1201.png,800,heartbleed,63,1201,png,2021-10-05
2500/heartbleed_63_1204.png,2500,heartbleed,63,1204,png,2021-10-05
800/heartbleed_63_1204.png,800,heartbleed,63,1204,png,2021-10-05
2500/heartbleed_63_1207.png,2500,heartbleed,63,1207,png,2021-10-05
800/heartbleed_63_1207.png,800,heartbleed,63,1207,png,2021-10-05
2500/heartbleed_63_1215.png,2500,heartbleed,63,1215,png,2021-10-05
800/heartbleed_63_1215.png,800,heartbleed,63,1215,png,2021-10-05
2500/heartbleed_63_1220.png,2500,heartbleed,63,1220,png,2021-10-05
800/heartbleed_63_1220.png,800,heartbleed,63,1220,png,2021-10-05
2500/heartbleed_63_1224.png,2500,heartbleed,63,1224,png,2021-10-05
800/heartbleed_63_1224.png,800,heartbleed,63,1224,png,2021-10-05
2500/heartbleed_63_1261.png,2500,heartbleed,63,1261,png,2021-10-05
800/heartbleed_63_1261.png,800,heartbleed,63,1261,png,2021-10-05
2500/heartbleed_63_1262.png,2500,heartbleed,63,1262,png,2021-10-05
800/heartbleed_63_1262.png,800,heartbleed,63,1262,png,2021-10-05
2500/heartbleed_63_1265.png,2500,heartbleed,63,1265,png,2021-10-05
800/heartbleed_63_1265.png,800,heartbleed,63,1265,png,2021-10-05
2500/heartbleed_63_1272.png,2500,heartbleed,63,1272,png,2021-10-05
800/heartbleed_63_1272.png,800,heartbleed,63,1272,png,2021-10-05
2500/heartbleed_63_1278.png,2500,heartbleed,63,1278,png,2021-10-05
800/heartbleed_63_1278.png,800,heartbleed,63,1278,png,2021-10-05
